"1"," ALTAGRACIA ","1","1"
"2"," ANTIMANO ","1","1"
"3"," CANDELARIA ","1","1"
"4"," CARICUAO ","1","1"
"5"," CATEDRAL ","1","1"
"6"," COCHE ","1","1"
"7"," EL JUNQUITO ","1","1"
"8"," EL PARAISO ","1","1"
"9"," EL RECREO ","1","1"
"10"," EL VALLE ","1","1"
"11"," LA PASTORA ","1","1"
"12"," LA VEGA ","1","1"
"13"," MACARAO ","1","1"
"14"," SAN AGUSTIN ","1","1"
"15"," SAN BERNARDINO ","1","1"
"16"," SAN JOSE ","1","1"
"17"," SAN JUAN ","1","1"
"18"," SAN PEDRO ","1","1"
"19"," SANTA ROSALIA ","1","1"
"20"," SANTA TERESA ","1","1"
"21"," SUCRE ","1","1"
"22"," 23 DE ENERO ","1","1"
"23"," CAPITAL ALTO ORINOCO ","2","1"
"24"," UCATA ","2","2"
"25"," NO URBANA PAO DE ZARATE ","2","3"
"26"," PARAISO DE SAN JOSE ","2","3"
"27"," SAMARIAPO ","2","4"
"28"," VICTORINO ","2","5"
"29"," ALTO VENTUARI ","2","6"
"30"," CAPITAL RIO NEGRO ","2","7"
"31"," CAPITAL ANACO ","3","1"
"32"," SAN JOAQUIN ","3","1"
"33"," CAPITAL ARAGUA ","3","2"
"34"," CACHIPO ","3","2"
"35"," CAPITAL FERNANDO DE PE&#209","0","3"
"36"," SAN MIGUEL ","3","3"
"37"," SUCRE ","3","3"
"38"," VALLE DE GUANAPE ","3","4"
"39"," SANTA ROSALIA ","3","4"
"40"," CAPITAL FRANCISCO DE MIRANDA ","3","5"
"41"," ATAPIRIRE ","3","5"
"42"," BOCA DEL PAO ","3","5"
"43"," EL PAO ","3","5"
"44"," GUANTA ","3","6"
"45"," PARHUE&#209","0","3"
"46"," CAPITAL INDEPENDENCIA ","3","7"
"47"," MAMO ","3","7"
"48"," CAPITAL PUERTO LA CRUZ ","3","8"
"49"," POZUELOS ","3","8"
"50"," CAPITAL ONOTO ","3","9"
"51"," SAN PABLO ","3","9"
"52"," CAPITAL JOSE GREGORIO MONAGAS ","3","10"
"53"," PIAR ","3","10"
"54"," SAN DIEGO DE CABRUTICA ","3","10"
"55"," SANTA CLARA ","3","10"
"56"," UVERITO ","3","10"
"57"," ZUATA ","3","10"
"58"," CAPITAL LIBERTAD ","3","11"
"59"," EL CARITO ","3","11"
"60"," SANTA INES ","3","11"
"61"," CAPITAL CLARINES ","3","12"
"62"," GUANAPE ","3","12"
"63"," SABANA DE UCHIRE ","3","12"
"64"," CAPITAL PEDRO MARIA FREITES ","3","13"
"65"," LIBERTADOR ","3","13"
"66"," SANTA ROSA ","3","13"
"67"," URICA ","3","13"
"68"," CAPITAL PIRITU ","3","14"
"69"," SAN FRANCISCO ","3","14"
"70"," CAPITAL SAN JOSE DE GUANIPA ","3","15"
"71"," CAPITAL BOCA DE UCHIRE ","3","16"
"72"," BOCA DE CHAVEZ ","3","16"
"73"," CAPITAL SANTA ANA ","3","17"
"74"," PUEBLO NUEVO ","3","17"
"75"," EL CARMEN ","3","18"
"76"," SAN CRISTOBAL ","3","18"
"77"," BERGANTIN ","3","18"
"78"," CAIGUA ","3","18"
"79"," EL PILAR ","3","18"
"80"," SANTA INUS ","3","18"
"81"," P. CAPITAL SIMON RODRIGUEZ ","3","19"
"82"," EL CHAPARRO ","3","20"
"83"," TOMAS ALFARO CALATRAVA ","3","20"
"84"," LECHERIAS ","3","21"
"85"," EL MORRO ","3","21"
"86"," URBANA ACHAGUAS ","4","1"
"87"," APURITO ","4","1"
"88"," EL YAGUAL ","4","1"
"89"," GUACHARA ","4","1"
"90"," MUCURITAS ","4","1"
"91"," QUESERAS DEL MEDIO ","4","1"
"92"," URBANA BIRUACA ","4","2"
"93"," URBANA BRUZUAL ","4","3"
"94"," MANTECAL ","4","3"
"95"," QUINTERO ","4","3"
"96"," RINCON HONDO ","4","3"
"97"," SAN VICENTE ","4","3"
"98"," URBANA GUASDUALITO ","4","4"
"99"," ARAMENDI ","4","4"
"100"," EL AMPARO ","4","4"
"101"," SAN CAMILO ","4","4"
"102"," URDANETA ","4","4"
"103"," URBANA SAN JUAN DE PAYARA ","4","5"
"104"," CODAZZI ","4","5"
"105"," CUNAVICHE ","4","5"
"106"," URBANA ELORZA ","4","6"
"107"," LA TRINIDAD ","4","6"
"108"," URBANA SAN FERNANDO ","4","7"
"109"," EL RECREO ","4","7"
"110"," PE&Ntilde","0","4"
"111"," SAN RAFAEL DE ATAMAICA ","4","7"
"112"," CAPITAL BOLIVAR ","5","1"
"113"," CAPITAL CAMATAGUA ","5","2"
"114"," NO URBANA CARMEN DE CURA ","5","2"
"115"," NO URBANA CHORONI ","5","3"
"116"," URBANA LAS DELICIAS ","5","3"
"117"," URBANA M. MARIA DE S JOSE ","5","3"
"118"," URBANA JOAQUIN CRESPO ","5","3"
"119"," URBANA PEDRO JOSE OVALLES ","5","3"
"120"," URBANA JOSE CASANOVA GODOY ","5","3"
"121"," URBANA ANDRES ELOY BLANCO ","5","3"
"122"," URBANA LOS TACARIGUAS ","5","3"
"123"," CAPITAL JOSE ANGEL LAMAS ","5","4"
"124"," CAPITAL JOSE FELIX RIBAS ","5","5"
"125"," CASTOR NIEVES RIOS ","5","5"
"126"," NO URBANA LAS GUACAMAYAS ","5","5"
"127"," NO URBANA PAO DE ZARATE ","5","5"
"128"," NO URBANA ZUATA ","5","5"
"129"," CAPITAL DIAZ ","5","6"
"130"," CAPITAL LIBERTADOR ","5","7"
"131"," NO URBANA S MARTIN DE PORRES ","5","7"
"132"," CAPITAL MARIO BRICE&Ntilde","0","5"
"133"," CA&Ntilde","0","5"
"134"," CAPITAL SAN CASIMIRO ","5","9"
"135"," NO URBANA GUIRIPA ","5","9"
"136"," NO URBANA OLLAS DE CARAMACATE ","5","9"
"137"," NO URBANA VALLE MORIN ","5","9"
"138"," CAPITAL SAN SEBASTIAN ","5","10"
"139"," CAPITAL SANTIAGO MARI&Ntilde","0","5"
"140"," NO URBANA ARAVALO APONTE ","5","11"
"141"," NO URBANA CHUAO ","5","11"
"142"," NO URBANA SAMAN DE GUERE ","5","11"
"143"," NO URBANA ALFREDO PACHECO M ","5","11"
"144"," CAPITAL SANTOS MICHELENA ","5","12"
"145"," NO URBANA TIARA ","5","12"
"146"," CAPITAL SUCRE ","5","13"
"147"," NO URBANA BELLA VISTA ","5","13"
"148"," CAPITAL TOVAR ","5","14"
"149"," CAPITAL URDANETA ","5","15"
"150"," NO URBANA LAS PE&Ntilde","0","5"
"151"," NO URBANA SAN FRANCISCO DE C ","5","15"
"152"," NO URBANA TAGUAY ","5","15"
"153"," CAPITAL ZAMORA ","5","16"
"154"," NO URBANA MAGDALENO ","5","16"
"155"," NO URBANA S FRANCISCO DE ASIS ","5","16"
"156"," NO URBANA VALLES DE TUCUTUNEMO ","5","16"
"157"," NO URBANA AUGUSTO MIJARES ","5","16"
"158"," CAPITAL FRANCISCO LINARES A. ","5","17"
"159"," NO URBANA FRANCISCO DE MIRANDA ","5","17"
"160"," NO URBANA MONSE&Ntilde","0","5"
"161"," CAPITAL OCM DE LA COSTA DE ORO ","5","18"
"162"," SABANETA ","6","1"
"163"," RODRIGUEZ DOMINGUEZ ","6","1"
"164"," TICOPORO ","6","2"
"165"," ANDRES BELLO ","6","2"
"166"," NICOLAS PULIDO ","6","2"
"167"," ARISMENDI ","6","3"
"168"," GUADARRAMA ","6","3"
"169"," LA UNION ","6","3"
"170"," SAN ANTONIO ","6","3"
"171"," BARINAS ","6","4"
"172"," ALFREDO ARVELO LARRIVA ","6","4"
"173"," SAN SILVESTRE ","6","4"
"174"," SANTA INES ","6","4"
"175"," SANTA LUCIA ","6","4"
"176"," TORUNOS ","6","4"
"177"," EL CARMEN ","6","4"
"178"," ROMULO BETANCOURT ","6","4"
"179"," CHIQUINQUIRA ","6","4"
"180"," RAMON IGNACIO MENDEZ ","6","4"
"181"," ALTO BARINAS ","6","4"
"182"," MANUEL PALACIO FAJARDO ","6","4"
"183"," JUAN A RODRIGUEZ DOMINGUEZ ","6","4"
"184"," DOMINGA ORTIZ DE PEREZ ","6","4"
"185"," BARINITAS ","6","5"
"186"," ALTAMIRA ","6","5"
"187"," CALDERAS ","6","5"
"188"," BARRANCAS ","6","6"
"189"," EL SOCORRO ","6","6"
"190"," MASPARRITO ","6","6"
"191"," SANTA BARBARA ","6","7"
"192"," JOSE IGNACIO DEL PUMAR ","6","7"
"193"," PEDRO BRICE&#209","0","6"
"194"," RAMON IGNACIO MENDEZ ","6","7"
"195"," OBISPOS ","6","8"
"196"," EL REAL ","6","8"
"197"," LA LUZ ","6","8"
"198"," LOS GUASIMITOS ","6","8"
"199"," CIUDAD BOLIVIA ","6","9"
"200"," IGNACIO BRICE&#209","0","6"
"201"," JOSE FELIX RIBAS ","6","9"
"202"," PAEZ ","6","9"
"203"," LIBERTAD ","6","10"
"204"," DOLORES ","6","10"
"205"," PALACIOS FAJARDO ","6","10"
"206"," SANTA ROSA ","6","10"
"207"," CIUDAD DE NUTRIAS ","6","11"
"208"," EL REGALO ","6","11"
"209"," PUERTO DE NUTRIAS ","6","11"
"210"," SANTA CATALINA ","6","11"
"211"," EL CANTON ","6","12"
"212"," SANTA CRUZ DE GUACAS ","6","12"
"213"," PUERTO VIVAS ","6","12"
"214"," CACHAMAY ","15","1"
"215"," CHIRICA ","15","67"
"216"," DALLA COSTA ","15","1"
"217"," ONCE DE ABRIL ","15","1"
"218"," SIMON BOLIVAR ","15","1"
"219"," UNARE ","15","1"
"220"," UNIVERSIDAD ","15","1"
"221"," VISTA AL SOL ","15","1"
"222"," POZO VERDE ","15","1"
"223"," YOCOIMA ","15","1"
"224"," SECCION CAPITAL CEDE&#209","0","15"
"225"," ADRIAN ","15","2"
"226"," ASCENSION FARRERAS ","15","2"
"227"," GUIRIA ","15","2"
"228"," LA URBANA ","15","2"
"229"," PIJIGUAOS ","15","2"
"230"," CAPITAL EL CALLAO ","15","3"
"231"," SECCION CAPITAL GRAN SABANA ","15","4"
"232"," IKABARU ","15","4"
"233"," AGUA SALADA ","15","5"
"234"," CATEDRAL ","15","5"
"235"," JOSE ANTONIO PAEZ ","15","5"
"236"," LA SABANITA ","15","5"
"237"," MARHUANTA ","15","5"
"238"," VISTA HERMOSA ","15","5"
"239"," ORINOCO ","15","5"
"240"," PANAPANA ","15","5"
"241"," ZEA ","15","5"
"242"," SECCION CAPITAL PIAR ","15","6"
"243"," ANDRES ELOY BLANCO ","15","6"
"244"," PEDRO COVA ","15","6"
"245"," SECCION CAPITAL RAUL LEONI ","15","7"
"246"," BARCELONETA ","15","7"
"247"," SAN FRANCISCO ","15","7"
"248"," SANTA BARBARA ","15","7"
"249"," SECCION CAPITAL ROSCIO ","15","8"
"250"," SALOM ","15","8"
"251"," SECCION CAPITAL SIFONTES ","15","9"
"252"," DALLA COSTA ","15","9"
"253"," SAN ISIDRO ","15","9"
"254"," SECCION CAPITAL SUCRE ","15","10"
"255"," ARIPAO ","15","10"
"256"," GUARATARO ","15","10"
"257"," LAS MAJADAS ","15","10"
"258"," MOITACO ","15","10"
"259"," CAPITAL PADRE PEDRO CHIEN ","15","11"
"260"," URBANA BEJUMA ","8","1"
"261"," NO URBANA CANOABO ","8","1"
"262"," NO URBANA SIMON BOLIVAR ","8","1"
"263"," URBANA GUIGUE ","8","2"
"264"," NO URBANA BELUN ","8","2"
"265"," NO URBANA TACARIGUA ","8","2"
"266"," URBANA AGUAS CALIENTES ","8","3"
"267"," URBANA MARIARA ","8","3"
"268"," URBANA CIUDAD ALIANZA ","8","4"
"269"," URBANA GUACARA ","8","4"
"270"," NO URBANA YAGUA ","8","4"
"271"," URBANA MORON ","8","5"
"272"," NO URBANA URAMA ","8","5"
"273"," URBANA TOCUYITO ","8","6"
"274"," URBANA INDEPENDENCIA ","8","6"
"275"," URBANA LOS GUAYOS ","8","7"
"276"," URBANA MIRANDA ","8","8"
"277"," URBANA MONTALBAN ","8","9"
"278"," URBANA NAGUANAGUA ","8","10"
"279"," URBANA BARTOLOME SALOM ","8","11"
"280"," URBANA DEMOCRACIA ","8","11"
"281"," URBANA FRATERNIDAD ","8","11"
"282"," URBANA GOAIGOAZA ","8","11"
"283"," URBANA JUAN JOSE FLORES ","8","11"
"284"," URBANA UNION ","8","11"
"285"," NO URBANA BORBURATA ","8","11"
"286"," NICOLAS PULIDO ","8","11"
"287"," URBANA SAN DIEGO ","8","12"
"288"," URBANA SAN JOAQUIN ","8","13"
"289"," URBANA CANDELARIA ","8","14"
"290"," URBANA CATEDRAL ","8","14"
"291"," URBANA EL SOCORRO ","8","14"
"292"," URBANA MIGUEL PE&#209","0","8"
"293"," URBANA RAFAEL URDANETA ","8","14"
"294"," URBANA GUIGUE ","8","14"
"295"," URBANA SAN JOSE ","8","14"
"296"," URBANA SANTA ROSA ","8","14"
"297"," NO URBANA NEGRO PRIMERO ","8","14"
"298"," COJEDES ","9","1"
"299"," JUAN DE MATA SUAREZ ","9","1"
"300"," TINAQUILLO ","9","2"
"301"," EL BAUL ","9","3"
"302"," SUCRE ","9","3"
"303"," MACAPO ","9","4"
"304"," LA AGUADITA ","9","4"
"305"," EL PAO ","9","5"
"306"," LIBERTAD DE COJEDES ","9","6"
"307"," EL AMPARO ","9","6"
"308"," ROMULO GALLEGOS ","9","7"
"309"," SAN CARLOS DE AUSTRIA ","9","8"
"310"," JUAN ANGEL BRAVO ","9","8"
"311"," MANUEL MANRIQUE ","9","8"
"312"," GENERAL JOSE LAURENCIO SILVA ","9","9"
"313"," CURIAPO ","10","1"
"314"," ALMIRANTE LUIS BRION ","10","1"
"315"," FRANCISCO ANICETO LUGO ","10","1"
"316"," MANUEL RENAUD ","10","1"
"317"," PADRE BARRAL ","10","1"
"318"," SANTOS DE ABELGAS ","10","1"
"319"," IMATACA ","10","2"
"320"," CINCO DE JULIO ","10","2"
"321"," JUAN BAUTISTA ARISMENDI ","10","2"
"322"," MANUEL PIAR ","10","2"
"323"," ROMULO GALLEGOS ","10","2"
"324"," PEDERNALES ","10","3"
"325"," LUIS BELTRAN PRIETO FIGUEROA ","10","3"
"326"," SAN JOSE ","10","4"
"327"," JOSE VIDAL MARCANO ","10","4"
"328"," JUAN MILLAN ","10","4"
"329"," LEONARDO RUIZ PINEDA ","10","4"
"330"," MARISCAL ANTONIO JOSE DE SUCRE ","10","4"
"331"," MARIA DE LA C PALACIOS BLANCO ","10","4"
"332"," SAN RAFAEL ","10","4"
"333"," VIRGEN DEL VALLE ","10","4"
"334"," SAN JUAN DE LOS CAYOS ","11","1"
"335"," CAPADARE ","11","1"
"336"," LA PASTORA ","11","1"
"337"," LIBERTADOR ","11","1"
"338"," SAN LUIS ","11","2"
"339"," ARACUA ","11","2"
"340"," LA PE&#209","0","11"
"341"," CAPATARIDA ","11","3"
"342"," BARIRO ","11","3"
"343"," BOROJO ","11","3"
"344"," GUAJIRO ","11","3"
"345"," SEQUE ","11","3"
"346"," ZAZARIDA ","11","3"
"347"," CAPITAL CACIQUE MANAURE ","11","4"
"348"," CARIRUBANA ","11","5"
"349"," NORTE ","11","5"
"350"," PUNTA CARDON ","11","5"
"351"," SANTA ANA ","11","5"
"352"," LA VELA DE CORO ","11","6"
"353"," ACURIGUA ","11","6"
"354"," GUAIBACOA ","11","6"
"355"," LAS CALDERAS ","11","6"
"356"," MACORUCA ","11","6"
"357"," CAPITAL DABAJURO ","11","7"
"358"," PEDREGAL ","11","8"
"359"," AGUA CLARA ","11","8"
"360"," AVARIA ","11","8"
"361"," PIEDRA GRANDE ","11","8"
"362"," PURURECHE ","11","8"
"363"," PUEBLO NUEVO ","11","9"
"364"," ADICORA ","11","9"
"365"," BARAIVED ","11","9"
"366"," BUENA VISTA ","11","9"
"367"," JADACAQUIVA ","11","9"
"368"," MORUY ","11","9"
"369"," ADAURE ","11","9"
"370"," EL CAFE ","11","9"
"371"," EL VINCULO ","11","9"
"372"," CHURUGUARA ","11","10"
"373"," AGUA LARGA ","11","10"
"374"," EL PAUJI ","11","10"
"375"," INDEPENDENCIA ","11","10"
"376"," MAPARARI ","11","10"
"377"," JACURA ","11","11"
"378"," AGUA LINDA ","11","11"
"379"," ARAURIMA ","11","11"
"380"," LEONCIO MARTINEZ ","11","12"
"381"," JUDIBANA ","11","12"
"382"," MENE DE MAUROA ","11","13"
"383"," CASIGUA ","11","13"
"384"," SAN FELIX ","11","13"
"385"," SAN ANTONIO ","11","14"
"386"," SAN GABRIEL ","11","14"
"387"," SANTA ANA ","11","14"
"388"," GUZMAN GUILLERMO ","11","14"
"389"," MITARE ","11","14"
"390"," RIO SECO ","11","14"
"391"," SABANETA ","11","14"
"392"," CHICHIRIVICHE ","11","119"
"393"," BOCA DE TOCUYO ","11","15"
"394"," TOCUYO DE LA COSTA ","11","15"
"395"," CAPITAL PALMASOLA ","11","16"
"396"," CABURE ","11","17"
"397"," COLINA ","11","17"
"398"," CONCEPCION ","11","17"
"399"," PIRITU ","11","18"
"400"," SAN JOSE DE LA COSTA ","11","18"
"401"," CAPITAL SAN FRANCISCO ","11","19"
"402"," TUCACAS ","11","20"
"403"," BOCA DE AROA ","11","20"
"404"," SUCRE ","11","21"
"405"," PECAYA ","11","21"
"406"," CAPITAL TOCOPERO ","11","22"
"407"," SANTA CRUZ DE BUCARAL ","11","23"
"408"," EL CHARAL ","11","23"
"409"," LAS VEGAS DEL TUY ","11","23"
"410"," URUMACO ","11","24"
"411"," BRUZUAL ","11","24"
"412"," PUERTO CUMAREBO ","11","25"
"413"," LA CIENAGA ","11","25"
"414"," LA SOLEDAD ","11","25"
"415"," PUEBLO CUMAREBO ","11","25"
"416"," ZAZARIDA ","11","25"
"417"," CAPITAL CAMAGUAN ","12","1"
"418"," PUERTO MIRANDA ","12","1"
"419"," UVERITO ","12","1"
"420"," CHAGUARAMAS ","12","2"
"421"," EL SOCORRO ","12","3"
"422"," CAPITAL S GERONIM. DE GUAYABAL ","12","4"
"423"," CAZORLA ","12","4"
"424"," CAPITAL VALLE DE LA PASCUA ","12","5"
"425"," ESPINO ","12","5"
"426"," CAPITAL LAS MERCEDES ","12","6"
"427"," CABRUTA ","12","6"
"428"," SANTA RITA DE MANAPIRE ","12","6"
"429"," CAPITAL EL SOMBRERO ","12","7"
"430"," SOSA ","12","7"
"431"," CAPITAL CALABOZO ","12","8"
"432"," EL CALVARIO ","12","8"
"433"," EL RASTRO ","12","8"
"434"," GUARDATINAJAS ","12","8"
"435"," CAPITAL ALTAGRACIA DE ORITUCO ","12","9"
"436"," LA UNION ","12","9"
"437"," LIBERTAD DE ORITUCO ","12","9"
"438"," PASO REAL DE MACAIRA ","12","9"
"439"," SAN FRANCISCO DE MACAIRA ","12","9"
"440"," SAN RAFAEL DE ORITUCO ","12","9"
"441"," SOUBLETTE ","12","9"
"442"," CAPITAL JUSTO BRICE&#209","0","12"
"443"," SAN FRANCISCO DE TIZNADOS ","12","10"
"444"," SAN JOSE DE TIZNADOS ","12","10"
"445"," SAN LORENZO DE TIZNADOS ","12","10"
"446"," CAPITAL TUCUPIDO ","12","11"
"447"," SAN RAFAEL DE LAYA ","12","11"
"448"," CAPITAL SAN JUAN DE LOS MORROS ","12","12"
"449"," CANTAGALLO ","12","12"
"450"," PARAPARA ","12","12"
"451"," SAN JOSE DE GUARIBE ","12","13"
"452"," CAPITAL SANTA MARIA DE IPIRE ","12","14"
"453"," ALTAMIRA ","12","14"
"454"," CAPITAL SIMON RODRIGUEZ ","12","15"
"455"," SAN JOSE DE UNARE ","12","15"
"456"," PIO TAMAYO ","13","1"
"457"," QUEBRADA HONDA DE GUACHE ","13","1"
"458"," YACAMBU ","13","1"
"459"," FREITEZ ","13","2"
"460"," JOSE MARIA BLANCO ","13","2"
"461"," CATEDRAL ","13","3"
"462"," CONCEPCION ","13","3"
"463"," EL CUJI ","13","3"
"464"," JUAN DE VILLEGAS ","13","3"
"465"," SANTA ROSA ","13","3"
"466"," TAMACA ","13","3"
"467"," UNION ","13","3"
"468"," AGUEDO FELIPE ALVARADO ","13","3"
"469"," BUENA VISTA ","13","3"
"470"," JUAREZ ","13","3"
"471"," JUAN BAUTISTA RODRIGUEZ ","13","4"
"472"," CUARA ","13","4"
"473"," DIEGO DE LOZADA ","13","4"
"474"," PARAISO DE SAN JOSE ","13","4"
"475"," SAN MIGUEL ","13","4"
"476"," TINTORERO ","13","4"
"477"," JOSE BERNARDO DORANTE ","13","4"
"478"," CORONEL MARIANO PERAZA ","13","4"
"479"," BOLIVAR ","13","5"
"480"," ANZOATEGUI ","13","5"
"481"," GERMAN RIOS LINARES ","13","5"
"482"," HILARIO LUNA Y LUNA ","13","5"
"483"," HUMOCARO ALTO ","13","5"
"484"," HUMOCARO BAJO ","13","5"
"485"," LA CANDELARIA ","13","5"
"486"," MORAN ","13","5"
"487"," CABUDARE ","13","6"
"488"," JOSE GREGORIO BASTIDAS ","13","6"
"489"," AGUA VIVA ","13","6"
"490"," SARARE ","13","7"
"491"," BURIA ","13","7"
"492"," GUSTAVO VEGAS LEON ","13","7"
"493"," TRINIDAD SAMUEL ","13","8"
"494"," ANTONIO DIAZ ","13","8"
"495"," CAMACARO ","13","8"
"496"," CASTA&#209","0","13"
"497"," CECILIO ZUBILLAGA ","13","8"
"498"," CHIQUINQUIRA ","13","8"
"499"," EL BLANCO ","13","8"
"500"," ESPINOZA DE LOS MONTEROS ","13","8"
"501"," LARA ","13","8"
"502"," LAS MERCEDES ","13","8"
"503"," MANUEL MORILLO ","13","8"
"504"," MONTA&#209","0","13"
"505"," MONTES DE OCA ","13","8"
"506"," TORRES ","13","8"
"507"," REYES VARGAS ","13","8"
"508"," ALTAGRACIA ","13","8"
"509"," SIQUISIQUE ","13","9"
"510"," MOROTURO ","13","9"
"511"," SAN MIGUEL ","13","9"
"512"," XAGUAS ","13","9"
"513"," PRESIDENTE BETANCOURT ","14","1"
"514"," PRESIDENTE PAEZ ","14","1"
"515"," PRESIDENTE ROMULO GALLEGOS ","14","1"
"516"," GABRIEL PICON GONZALEZ ","14","1"
"517"," HECTOR AMABLE MORA ","14","1"
"518"," IDELFONSO VASQUEZ ","14","1"
"519"," PULIDO MENDEZ ","14","1"
"520"," CAPITAL ANDRES BELLO ","14","2"
"521"," CAPITAL ANTONIO PINTO SALINAS ","14","3"
"522"," MESA BOLIVAR ","14","3"
"523"," MESA DE LAS PALMAS ","14","3"
"524"," CAPITAL ARICAGUA ","14","4"
"525"," SAN ANTONIO ","14","4"
"526"," CAPITAL ARZOBISPO CHACON ","14","5"
"527"," CAPURI ","14","5"
"528"," CHACANTA ","14","5"
"529"," EL MOLINO ","14","5"
"530"," GUAIMARAL ","14","5"
"531"," MUCUTUY ","14","5"
"532"," MUCUCHACHI ","14","5"
"533"," FERNANDEZ PE&#209","0","14"
"534"," MATRIZ ","14","6"
"535"," MONTALBAN ","14","6"
"536"," ACEQUIAS ","14","6"
"537"," JAJI ","14","6"
"538"," LA MESA ","14","6"
"539"," SAN JOSE DEL SUR ","14","6"
"540"," CAPITAL CARACCIOLO PARRA OLMED ","14","7"
"541"," FLORENCIO RAMIREZ ","14","7"
"542"," CAPITAL CARDENAL QUINTERO ","14","8"
"543"," LAS PIEDRAS ","14","8"
"544"," CAPITAL GUARAQUE ","14","9"
"545"," MESA DE QUINTERO ","14","9"
"546"," RIO NEGRO ","14","9"
"547"," CAPITAL JULIO CESAR SALAS ","14","10"
"548"," PALMIRA ","14","10"
"549"," CAPITAL JUSTO BRICE&#209","0","14"
"550"," SAN CRISTOBAL DE TORONDOY ","14","11"
"551"," ANTONIO SPINETTI DINI ","14","12"
"552"," ARIAS ","14","12"
"553"," CARACCIOLO PARRA PEREZ ","14","12"
"554"," DOMINGO PE&#209","0","14"
"555"," EL LLANO ","14","12"
"556"," GONZALO PICON FEBRES ","14","12"
"557"," JACINTO PLAZA ","14","12"
"558"," JUAN RODRIGUEZ SUAREZ ","14","12"
"559"," LASSO DE LA VEGA ","14","12"
"560"," MARIANO PICON SALAS ","14","12"
"561"," MILLA ","14","12"
"562"," OSUNA RODRIGUEZ ","14","12"
"563"," SAGRARIO ","14","12"
"564"," EL MORRO ","14","12"
"565"," LOS NEVADOS ","14","12"
"566"," CAPITAL MIRANDA ","14","13"
"567"," ANDRES ELOY BLANCO ","14","13"
"568"," LA VENTA ","14","13"
"569"," PI&#209","0","14"
"570"," CAPITAL OBISPO RAMOS DE LORA ","14","14"
"571"," EL PAUJI ","14","14"
"572"," SAN RAFAEL DE ALCAZAR ","14","14"
"573"," CAPITAL PADRE NOGUERA ","14","15"
"574"," CAPITAL PUEBLO LLANO ","14","16"
"575"," CAPITAL RANGEL ","14","17"
"576"," CACUTE ","14","17"
"577"," LA TOMA ","14","17"
"578"," MUCURUBA ","14","17"
"579"," SAN RAFAEL ","14","17"
"580"," CAPITAL RIVAS DAVILA ","14","18"
"581"," GERONIMO MALDONADO ","14","18"
"582"," CAPITAL SANTOS MARQUINA ","14","19"
"583"," CAPITAL SUCRE ","14","20"
"584"," CHIGUARA ","14","20"
"585"," ESTANQUEZ ","14","20"
"586"," LA TRAMPA ","14","20"
"587"," PUEBLO NUEVO DEL SUR ","14","20"
"588"," SAN JUAN ","14","20"
"589"," EL AMPARO ","14","21"
"590"," EL LLANO ","14","21"
"591"," SAN FRANCISCO ","14","21"
"592"," TOVAR ","14","21"
"593"," CAPITAL TULIO FEBRES CORDERO ","14","22"
"594"," INDEPENDENCIA ","14","22"
"595"," MARIA DE LA C PALACIOS BLANCO ","14","22"
"596"," SANTA APOLONIA ","14","22"
"597"," CAPITAL ZEA ","14","23"
"598"," CA&#209","0","14"
"599"," CAUCAGUA ","7","177"
"600"," ARAGUITA ","7","1"
"601"," AREVALO GONZALEZ ","7","1"
"602"," CAPAYA ","7","1"
"603"," EL CAFE ","7","1"
"604"," MARIZAPA ","7","1"
"605"," PANAQUIRE ","7","1"
"606"," RIBAS ","7","1"
"607"," SAN JOSE DE BARLOVENTO ","7","2"
"608"," CUMBO ","7","2"
"609"," BARUTA ","7","337"
"610"," EL CAFETAL ","7","337"
"611"," LAS MINAS DE BARUTA ","7","3"
"612"," HIGUEROTE ","7","4"
"613"," CURIEPE ","7","4"
"614"," TACARIGUA ","7","4"
"615"," MAMPORAL ","7","5"
"616"," CARRIZAL ","7","182"
"617"," CHACAO ","7","183"
"618"," CHARALLAVE ","7","184"
"619"," LAS BRISAS ","7","8"
"620"," EL HATILLO ","7","9"
"621"," LOS TEQUES ","7","10"
"622"," ALTAGRACIA DE LA MONTA&#209","0","7"
"623"," CECILIO ACOSTA ","7","186"
"624"," EL JARILLO ","7","10"
"625"," PARACOTOS ","7","10"
"626"," SAN PEDRO ","7","10"
"627"," TACATA ","7","10"
"628"," SANTA TERESA DEL TUY ","7","11"
"629"," EL CARTANAL ","7","11"
"630"," OCUMARE DEL TUY ","7","12"
"631"," LA DEMOCRACIA ","7","12"
"632"," SANTA BARBARA ","7","12"
"633"," SAN ANTONIO DE LOS ALTOS ","7","13"
"634"," RIO CHICO ","7","14"
"635"," EL GUAPO ","7","14"
"636"," TACARIGUA DE LA LAGUNA ","7","14"
"637"," PAPARO ","7","14"
"638"," SAN FERNANDO DEL GUAPO ","7","14"
"639"," SANTA LUCIA ","7","15"
"640"," CUPIRA ","7","16"
"641"," MACHURUCUTO ","7","16"
"642"," GUARENAS ","7","17"
"643"," SAN FRANCISCO DE YARE ","7","18"
"644"," SAN ANTONIO DE YARE ","7","18"
"645"," PETARE ","7","19"
"646"," CAUCAGUITA ","7","19"
"647"," FILA DE MARICHES ","7","19"
"648"," LA DOLORITA ","7","19"
"649"," LEONCIO MARTINEZ ","7","19"
"650"," CUA ","7","20"
"651"," NUEVA CUA ","7","20"
"652"," GUATIRE ","7","21"
"653"," BOLIVAR ","7","21"
"654"," CAPITAL ACOSTA ","16","1"
"655"," SAN FRANCISCO ","16","1"
"656"," CAPITAL AGUASAY ","16","2"
"657"," CAPITAL BOLIVAR ","16","3"
"658"," CAPITAL CARIPE ","16","4"
"659"," EL GUACHARO ","16","4"
"660"," LA GUANOTA ","16","4"
"661"," SABANA DE PIEDRA ","16","4"
"662"," SAN AGUSTIN ","16","4"
"663"," TERESEN ","16","4"
"664"," CAPITAL CEDE&#209","0","16"
"665"," AREO ","16","5"
"666"," SAN FELIX ","16","5"
"667"," VIENTO FRESCO ","16","5"
"668"," CAPITAL EZEQUIEL ZAMORA ","16","6"
"669"," EL TEJERO ","16","6"
"670"," CAPITAL LIBERTADOR ","16","7"
"671"," CHAGUARAMAS ","16","7"
"672"," LA PETROLEA ","16","7"
"673"," TABASCA ","16","7"
"674"," CAPITAL MATURIN ","16","8"
"675"," ALTO DE LOS GODOS ","16","8"
"676"," BOQUERON ","16","8"
"677"," LAS COCUIZAS ","16","8"
"678"," SAN SIMON ","16","8"
"679"," SANTA CRUZ ","16","8"
"680"," EL COROZO ","16","8"
"681"," EL FURRIAL ","16","8"
"682"," JUSEPIN ","16","8"
"683"," LA PICA ","16","8"
"684"," SAN VICENTE ","16","8"
"685"," CAPITAL PIAR ","16","9"
"686"," APARICIO ","16","9"
"687"," CHAGUARAMAL ","16","9"
"688"," EL PINTO ","16","9"
"689"," GUANAGUANA ","16","9"
"690"," LA TOSCANA ","16","9"
"691"," TAGUAYA ","16","9"
"692"," CAPITAL PUNCERES ","16","10"
"693"," CACHIPO ","16","10"
"694"," CAPITAL SANTA BARBARA ","16","11"
"695"," CAPITAL SOTILLO ","16","12"
"696"," LOS BARRANCOS DE FAJARDO ","16","12"
"697"," CAPITAL URACOA ","16","13"
"698"," CAPITAL ANTOLIN DEL CAMPO ","17","1"
"699"," CAPITAL ARISMENDI ","17","2"
"700"," CAPITAL DIAZ ","17","3"
"701"," ZABALA ","17","3"
"702"," CAPITAL GARCIA ","17","4"
"703"," FRANCISCO FAJARDO ","17","4"
"704"," CAPITAL GOMEZ ","17","5"
"705"," BOLIVAR ","17","5"
"706"," GUEVARA ","17","5"
"707"," MATASIETE ","17","5"
"708"," SUCRE ","17","5"
"709"," CAPITAL MANEIRO ","17","6"
"710"," AGUIRRE ","17","6"
"711"," CAPITAL MARCANO ","17","7"
"712"," ADRIAN ","17","7"
"713"," CAPITAL MARI&#209","0","17"
"714"," CAPITAL PENINSULA DE MACANAO ","17","9"
"715"," SAN FRANCISCO ","17","9"
"716"," CAPITAL TUBORES ","17","10"
"717"," LOS BARALES ","17","10"
"718"," CAPITAL VILLALBA ","17","11"
"719"," VICENTE FUENTES ","17","11"
"720"," CAPITAL AGUA BLANCA ","18","1"
"721"," CAPITAL ARAURE ","18","2"
"722"," RIO ACARIGUA ","18","2"
"723"," CAPITAL ESTELLER ","18","3"
"724"," UVERAL ","18","3"
"725"," CAPITAL GUANARE ","18","4"
"726"," CORDOBA ","18","4"
"727"," SAN JOSE DE LA MONTA&#209","0","18"
"728"," SAN JUAN DE GUANAGUANARE ","18","4"
"729"," VIRGEN DE LA COROMOTO ","18","4"
"730"," CAPITAL GUANARITO ","18","5"
"731"," TRINIDAD DE LA CAPILLA ","18","5"
"732"," DIVINA PASTORA ","18","5"
"733"," CAPITAL MONS. JOSE V. DE UNDA ","18","6"
"734"," PE&#209","0","18"
"735"," CAPITAL OSPINO ","18","7"
"736"," APARICION ","18","7"
"737"," LA ESTACION ","18","7"
"738"," CAPITAL PAEZ ","18","8"
"739"," PAYARA ","18","8"
"740"," PIMPINELA ","18","8"
"741"," RAMON PERAZA ","18","8"
"742"," CAPITAL PAPELON ","18","9"
"743"," CA&#209","0","18"
"744"," CAPITAL S GENARO DE BOCONOITO ","18","10"
"745"," ANTOLIN TOVAR ","18","10"
"746"," CAPITAL SAN RAFAEL DE ONOTO ","18","11"
"747"," SANTA FE ","18","11"
"748"," THERMO MORLES ","18","11"
"749"," CAPITAL SANTA ROSALIA ","18","12"
"750"," FLORIDA ","18","12"
"751"," CAPITAL S GERONIM. DE GUAYABAL ","18","13"
"752"," CONCEPCION ","18","13"
"753"," SAN RAFAEL DE PALO ALZADO ","18","13"
"754"," UVENCIO ANTONIO VELASQUEZ ","18","13"
"755"," SAN JOSE DE SAGUAZ ","18","13"
"756"," VILLA ROSA ","18","13"
"757"," CAPITAL TURUN ","18","14"
"758"," CUPIRA ","18","14"
"759"," SANTA CRUZ ","18","14"
"760"," SAN ISIDRO LABRADOR ","18","14"
"761"," MAIQUETIA ","19","1"
"762"," ROMULO GALLEGOS ","19","1"
"763"," SAN JOSE DE AEROCUAR ","19","2"
"764"," TAVERA ACOSTA ","19","2"
"765"," RIO CARIBE ","19","3"
"766"," ANTONIO JOSE DE SUCRE ","19","3"
"767"," EL MORRO DE PUERTO SANTO ","19","3"
"768"," PUERTO SANTO ","19","3"
"769"," SAN JUAN DE LAS GALDONAS ","19","3"
"770"," EL PILAR ","19","4"
"771"," EL RINCON ","19","4"
"772"," GENERAL FRANCISCO A. VASQUEZ ","19","4"
"773"," GUARAUNOS ","19","4"
"774"," TUNAPUICITO ","19","4"
"775"," UNION ","19","4"
"776"," BOLIVAR ","19","5"
"777"," MACARAPANA ","19","5"
"778"," SANTA CATALINA ","19","5"
"779"," SANTA ROSA ","19","5"
"780"," SANTA TERESA ","19","5"
"781"," CAPITAL BOLIVAR ","19","6"
"782"," YAGUARAPARO ","19","7"
"783"," EL PAUJIL ","19","7"
"784"," LIBERTAD ","19","7"
"785"," ARAYA ","19","8"
"786"," CHACOPATA ","19","8"
"787"," MANICUARE ","19","8"
"788"," TUNAPUY ","19","9"
"789"," CAMPO ELIAS ","19","9"
"790"," IRAPA ","19","10"
"791"," CAMPO CLARO ","19","10"
"792"," MARABAL ","19","10"
"793"," RIO CARIBE ","19","10"
"794"," SORO ","19","10"
"795"," CAPITAL MEJIA ","19","11"
"796"," CUMANACOA ","19","12"
"797"," ARENAS ","19","12"
"798"," ARICAGUA ","19","12"
"799"," COCOLLAR ","19","12"
"800"," SAN FERNANDO ","19","12"
"801"," SAN LORENZO ","19","12"
"802"," VILLA FRONTADO (M. DE CARIACO) ","19","13"
"803"," CARACCIOLO PARRA PUREZ ","19","13"
"804"," RENDON ","19","13"
"805"," SAN SEBASTIAN ","19","13"
"806"," SANTA BARBARA ","19","13"
"807"," ALTAGRACIA ","19","14"
"808"," AYACUCHO ","19","14"
"809"," SANTA INES ","19","14"
"810"," VALENTIN VALIENTE ","19","14"
"811"," SAN JUAN ","19","14"
"812"," RAUL LEONI ","19","14"
"813"," SANTA FE ","19","14"
"814"," GUIRIA ","19","15"
"815"," BIDEAU ","19","15"
"816"," CRISTOBAL COLON ","19","15"
"817"," PUNTA DE PIEDRAS ","19","15"
"818"," CAPITAL ANDRES BELLO ","20","1"
"819"," CAMPO ELIAS ","20","2"
"820"," AYACUCHO ","20","3"
"821"," RIVAS BERTI ","20","3"
"822"," SAN PEDRO DEL RIO ","20","3"
"823"," BOLIVAR ","20","4"
"824"," PALOTAL ","20","4"
"825"," JUAN VICENTE GOMEZ ","20","4"
"826"," ISAIAS MEDINA ANGARITA ","20","4"
"827"," CARDENAS ","20","5"
"828"," AMENODORO RANGEL LAMUS ","20","5"
"829"," LA FLORIDA ","20","5"
"830"," CAPITAL CORDOBA ","20","6"
"831"," FERNANDEZ FEO ","20","7"
"832"," ALBERTO ADRIANI ","20","7"
"833"," SANTO DOMINGO ","20","7"
"834"," CAPITAL BOLIVAR ","20","8"
"835"," CAPITAL GARCIA DE HEVIA ","20","9"
"836"," BOCA DE GRITA ","20","9"
"837"," JOSE ANTONIO PAEZ ","20","9"
"838"," CAPITAL GUASIMOS ","20","10"
"839"," INDEPENDENCIA ","20","11"
"840"," JUAN GERMAN ROSCIO ","20","11"
"841"," ROMAN CARDENAS ","20","11"
"842"," JAUREGUI ","20","12"
"843"," EMILIO CONSTANTINO GUERRERO ","20","12"
"844"," MONSE&#209","0","20"
"845"," CAPITAL JOSE MARIA VARGAS ","20","13"
"846"," JUNIN ","20","14"
"847"," LA PETROLEA ","20","14"
"848"," QUINIMARI ","20","14"
"849"," BRAMON ","20","14"
"850"," LIBERTAD ","20","15"
"851"," CIPRIANO CASTRO ","20","15"
"852"," MANUEL FELIPE RUGELES ","20","15"
"853"," LIBERTADOR ","20","16"
"854"," EMETERIO OCHOA ","20","16"
"855"," DORADAS ","20","16"
"856"," SAN JOAQUIN DE NAVAY ","20","16"
"857"," LOBATERA ","20","17"
"858"," CONSTITUCION ","20","17"
"859"," CAPITAL MICHELENA ","20","18"
"860"," PANAMERICANO ","20","19"
"861"," LA PALMITA ","20","19"
"862"," PEDRO MARIA URE&#209","0","20"
"863"," NUEVA ARCADIA ","20","20"
"864"," CAPITAL RAFAEL URDANETA ","20","21"
"865"," SAMUEL DARIO MALDONADO ","20","22"
"866"," BOCONO ","20","22"
"867"," HERNANDEZ ","20","22"
"868"," LA CONCORDIA ","20","23"
"869"," PEDRO MARIA MORANTES ","20","23"
"870"," SAN JUAN BAUTISTA ","20","23"
"871"," SAN SEBASTIAN ","20","23"
"872"," CARDENAS ","20","23"
"873"," CAPITAL SEBORUCO ","20","24"
"874"," CAPITAL SIMON RODRIGUEZ ","20","25"
"875"," SUCRE ","20","26"
"876"," ELEAZAR LOPEZ CONTRERAS ","20","26"
"877"," SAN PABLO ","20","26"
"878"," CAPITAL TORBES ","20","27"
"879"," CAPITAL URIBANTE ","20","28"
"880"," CARDENAS ","20","28"
"881"," JOSE VIDAL MARCANO ","20","28"
"882"," POTOSI ","20","28"
"883"," CAPITAL SAN JUDAS TADEO ","20","29"
"884"," SANTA ISABEL ","21","1"
"885"," ARAGUANEY ","21","1"
"886"," EL JAGUITO ","21","1"
"887"," JUAN MILLAN ","21","1"
"888"," BOCONO ","21","281"
"889"," EL CARMEN ","21","2"
"890"," MESA BOLIVAR ","21","2"
"891"," AYACUCHO ","21","2"
"892"," BURBUSAY ","21","2"
"893"," GENERAL RIVAS ","21","2"
"894"," GUARAMACAL ","21","2"
"895"," VEGA DE GUARAMACAL ","21","2"
"896"," MONSE&#209","0","21"
"897"," RAFAEL RANGEL ","21","2"
"898"," SAN MIGUEL ","21","2"
"899"," SAN JOSE ","21","2"
"900"," SABANA GRANDE ","21","3"
"901"," CHEREGUE ","21","3"
"902"," GRANADOS ","21","3"
"903"," CASTA&#209","0","21"
"904"," ARNOLDO GABALDON ","21","4"
"905"," BOLIVIA ","21","4"
"906"," CARRILLO ","21","4"
"907"," CEGARRA ","21","4"
"908"," MANUEL SALVADOR ULLOA ","21","4"
"909"," SAN JOSE ","21","4"
"910"," CARACHE ","21","5"
"911"," CUICAS ","21","5"
"912"," LA CONCEPCION ","21","5"
"913"," PANAMERICANA ","21","5"
"914"," SANTA CRUZ ","21","5"
"915"," ESCUQUE ","21","6"
"916"," LA UNION ","21","6"
"917"," SABANA LIBRE ","21","6"
"918"," SANTA RITA ","21","6"
"919"," EL SOCORRO ","21","7"
"920"," ANTONIO JOSE DE SUCRE ","21","7"
"921"," LOS CAPRICHOS ","21","7"
"922"," CAMPO ELIAS ","21","8"
"923"," ARNOLDO GABALDON ","21","8"
"924"," SANTA APOLONIA ","21","9"
"925"," EL JAGUITO ","21","9"
"926"," LA CEIBA ","21","9"
"927"," TRES DE FEBRERO ","21","9"
"928"," EL DIVIDIVE ","21","10"
"929"," AGUA SANTA ","21","10"
"930"," AGUA CALIENTE ","21","10"
"931"," EL CENIZO ","21","10"
"932"," VALERITA ","21","10"
"933"," MONTE CARMELO ","21","11"
"934"," BUENA VISTA ","21","11"
"935"," SANTA MARIA DEL HORCON ","21","11"
"936"," MOTATAN ","21","12"
"937"," EL BA&#209","0","21"
"938"," JALISCO ","21","12"
"939"," PAMPAN ","21","13"
"940"," FLOR DE PATRIA ","21","13"
"941"," LA PAZ ","21","13"
"942"," SANTA ANA ","21","13"
"943"," PAMPANITO ","21","14"
"944"," LA CONCEPCION ","21","14"
"945"," PAMPANITO II ","21","14"
"946"," BETIJOQUE ","21","15"
"947"," LA CONCEPCION ","21","15"
"948"," LOS CEDROS ","21","15"
"949"," JOSE GREGORIO HERNANDEZ ","21","15"
"950"," CARVAJAL ","21","16"
"951"," ANTONIO NICOLAS BRICE&#209","0","21"
"952"," CAMPO ALEGRE ","21","16"
"953"," JOSE LEONARDO SUAREZ ","21","16"
"954"," SABANA DE MENDOZA ","21","17"
"955"," EL PARAISO ","21","17"
"956"," JUNIN ","21","17"
"957"," VALMORE RODRIGUEZ ","21","17"
"958"," ANDRES LINARES ","21","18"
"959"," CHIQUINQUIRA ","21","18"
"960"," CRISTOBAL MENDOZA ","21","18"
"961"," CRUZ CARRILLO ","21","18"
"962"," MATRIZ ","21","18"
"963"," MONSE&#209","0","21"
"964"," TRES ESQUINAS ","21","18"
"965"," LA QUEBRADA ","21","19"
"966"," CABIMBU ","21","19"
"967"," JAJO ","21","19"
"968"," LA MESA ","21","19"
"969"," SANTIAGO ","21","19"
"970"," TU&#209","0","21"
"971"," JUAN IGNACIO MONTILLA ","21","20"
"972"," LA BEATRIZ ","21","20"
"973"," MERCEDES DIAZ ","21","20"
"974"," SAN LUIS ","21","20"
"975"," LA PUERTA ","21","20"
"976"," MENDOZA ","21","20"
"977"," CAPITAL ARISTIDES BASTIDAS ","22","1"
"978"," CAPITAL BOLIVAR ","22","2"
"979"," CAPITAL BRUZUAL ","22","3"
"980"," CAMPO ELIAS ","22","3"
"981"," CAPITAL COCOROTE ","22","4"
"982"," CAPITAL INDEPENDENCIA ","22","5"
"983"," CAPITAL JOSE ANTONIO PAEZ ","22","6"
"984"," CAPITAL LA TRINIDAD ","22","7"
"985"," CAPITAL MANUEL MONGE ","22","8"
"986"," CAPITAL NIRGUA ","22","9"
"987"," SALOM ","22","9"
"988"," TEMERLA ","22","9"
"989"," CAPITAL PE&#209","0","22"
"990"," SAN ANDRES ","22","10"
"991"," CAPITAL SAN FELIPE ","22","11"
"992"," ALBARICO ","22","11"
"993"," SAN JAVIER ","22","11"
"994"," CAPITAL SUCRE ","22","12"
"995"," CAPITAL URACHICHE ","22","13"
"996"," CAPITAL VEROES ","22","14"
"997"," EL GUAYABO ","22","14"
"998"," ISLA DE TOAS ","23","1"
"999"," MONAGAS ","23","1"
"1000"," SAN TIMOTEO ","23","2"
"1001"," GENERAL URDANETA ","23","2"
"1002"," LIBERTADOR ","23","2"
"1003"," MANUEL GUANIPA MATOS ","23","2"
"1004"," MARCELINO BRICE&#209","0","23"
"1005"," PUEBLO NUEVO ","23","2"
"1006"," AMBROSIO ","23","3"
"1007"," CARMEN HERRERA ","23","3"
"1008"," GERMAN RIOS LINARES ","23","3"
"1009"," LA ROSA ","23","3"
"1010"," JORGE HERNANDEZ ","23","3"
"1011"," ROMULO BETANCOURT ","23","3"
"1012"," SAN BENITO ","23","3"
"1013"," ARISTIDES CALVANI ","23","3"
"1014"," PUNTA GORDA ","23","3"
"1015"," ENCONTRADOS ","23","4"
"1016"," UDON PEREZ ","23","4"
"1017"," SAN CARLOS DEL ZULIA ","23","5"
"1018"," MORALITO ","23","5"
"1019"," SANTA BARBARA ","23","5"
"1020"," SANTA CRUZ DEL ZULIA ","23","5"
"1021"," URRIBARRI ","23","5"
"1022"," SIMON RODRIGUEZ ","23","6"
"1023"," CARLOS QUEVEDO ","23","6"
"1024"," FRANCISCO JAVIER PULGAR ","23","6"
"1025"," LA CONCEPCION ","23","7"
"1026"," JOSE RAMON YEPES ","23","7"
"1027"," MARIANO PARRA LEON ","23","7"
"1028"," SAN JOSE ","23","7"
"1029"," JESUS MARIA SEMPRUN ","23","8"
"1030"," BARI ","23","8"
"1031"," CONCEPCION ","23","9"
"1032"," ANDRES BELLO ","23","9"
"1033"," CHIQUINQUIRA ","23","9"
"1034"," EL CARMELO ","23","9"
"1035"," POTRERITOS ","23","9"
"1036"," ALONSO DE OJEDA ","23","10"
"1037"," LIBERTAD ","23","10"
"1038"," CAMPO LARA ","23","10"
"1039"," ELEAZAR LOPEZ CONTRERAS ","23","10"
"1040"," URBANA SAN JOAQUIN ","23","10"
"1041"," LIBERTAD ","23","11"
"1042"," BARTOLOME DE LAS CASAS ","23","11"
"1043"," RIO NEGRO ","23","11"
"1044"," SAN JOSE DE PERIJA ","23","11"
"1045"," SAN RAFAEL ","23","12"
"1046"," LA SIERRITA ","23","12"
"1047"," LAS PARCELAS ","23","12"
"1048"," LUIS DE VICENTE ","23","12"
"1049"," MONSE&#209","0","23"
"1050"," RICAURTE ","23","12"
"1051"," TAMARE ","23","12"
"1052"," ANTONIO BORJAS ROMERO ","23","13"
"1053"," BOLIVAR ","23","13"
"1054"," CACIQUE MARA ","23","13"
"1055"," CARACCIOLO PARRA PEREZ ","23","13"
"1056"," CECILIO ACOSTA ","23","13"
"1057"," CRISTO DE ARANZA ","23","13"
"1058"," COQUIVACOA ","23","13"
"1059"," CHIQUINQUIRA ","23","13"
"1060"," FRANCISCO EUGENIO BUSTAMANTE ","23","13"
"1061"," IDELFONSO VASQUEZ ","23","13"
"1062"," JUANA DE AVILA ","23","13"
"1063"," LUIS HURTADO HIGUERA ","23","13"
"1064"," MANUEL DAGNINO ","23","13"
"1065"," OLEGARIO VILLALOBOS ","23","13"
"1066"," RAUL LEONI ","23","13"
"1067"," SANTA LUCIA ","23","13"
"1068"," VENANCIO PULGAR ","23","13"
"1069"," SAN ISIDRO ","23","13"
"1070"," ALTAGRACIA ","23","14"
"1071"," ANA MARIA CAMPOS ","23","14"
"1072"," FARIA ","23","14"
"1073"," SAN ANTONIO ","23","14"
"1074"," SAN JOSE ","23","14"
"1075"," SINAMAICA ","23","15"
"1076"," ALTA GUAJIRA ","23","15"
"1077"," ELIAS SANCHEZ RUBIO ","23","15"
"1078"," GUAJIRA ","23","15"
"1079"," EL ROSARIO ","23","16"
"1080"," DONALDO GARCIA ","23","16"
"1081"," SIXTO ZAMBRANO ","23","16"
"1082"," SAN FRANCISCO ","23","17"
"1083"," EL BAJO ","23","17"
"1084"," DOMITILA FLORES ","23","17"
"1085"," ELIAS SANCHEZ RUBIO ","23","17"
"1086"," LOS CORTIJOS ","23","17"
"1087"," MARCIAL HERNANDEZ ","23","17"
"1088"," SANTA RITA ","23","18"
"1089"," EL MENE ","23","18"
"1090"," JOSE CENOVIO URRIBARRI ","23","18"
"1091"," PEDRO LUCAS URRIBARRI ","23","18"
"1092"," MANUEL MANRIQUE ","23","19"
"1093"," RAFAEL MARIA BARALT ","23","19"
"1094"," RAFAEL URDANETA ","23","19"
"1095"," BOBURES ","23","20"
"1096"," EL BATEY ","23","20"
"1097"," GIBRALTAR ","23","20"
"1098"," HERAS ","23","20"
"1099"," MONS. ARTURO CELESTINO A ","23","20"
"1100"," ROMULO GALLEGOS ","23","20"
"1101"," LA VICTORIA ","23","21"
"1102"," RAFAEL URDANETA ","23","21"
"1103"," RAUL CUENCA ","23","21"
"1104"," CARABALLEDA ","24","335"
"1105"," CARAYACA ","24","1"
"1106"," CARUAO ","24","335"
"1107"," CATIA LA MAR ","24","335"
"1108"," EL JUNKO ","7","335"
"1109"," LA GUAIRA ","24","1"
"1110"," MACUTO ","24","1"
"1111"," MAIQUETIA ","24","1"
"1112"," NAIGUATA ","24","1"
"1113"," RAUL LEONI ","24","1"
"1114"," CARLOS SOUBLETTE ","24","1"
"1115"," GRAN ROQUE ","25","1"
"1116"," TESTIGOS, LOS ","25","1"
"1117"," CHIMANAS ","25","1"
"1118"," FERNANDO GIRON TOVAR ","2","3"
